relative_path,status_old,status_new,technical_opened,visual_inspected,product_type,main_category,sub_category,descriptive_product_name,brand,model,parts_count,color_shape_details,unidentified_info,other_possible_matches,catalog_action,rationale,old_vs_new_difference
00000033-PHOTO-2026-09-11-22-08-38.jpg,belirsiz,belirsiz,Evet,Evet,Belirlenemedi,Belirlenemedi,Belirlenemedi,Belirlenemedi,Belirlenemedi,Belirlenemedi,Belirlenemedi,Görselde net ürün silueti yok; fotoğraf çok uzak veya açıdan bozulmuş.,"Ürün tipi, marka ve model net okunamadı.",Ölçü/biçim benzerliği görünmüyor; kesin eşleşme yok.,D,"Görselde ürünün kendisi değil, kutu/ambalaj parçası veya çok uzak çekim var.",Eski kayıt: belirsiz. Yeni karar: belirsiz. Değişiklik yok.
00000036-PHOTO-2026-09-11-22-08-39.jpg,net,net,Evet,Evet,Mini fırın,Elektrikli ev aleti,Mini fırın,Simfer 45 Litre Midi Fırın,Simfer,45 Litre Midi Fırın,1 adet,"Beyaz/metalik gövde, üstten ve önü açık fırın görünümü; büyük cam kapağı ve kontrol düğmeleri var.",Model numarası ve bazı küçük detaylar belirsiz.,Kesin eşleşme: 00000475 ve 00000477. Olası eşleşme: benzer mini fırın temsilleri.,A,Ürün aslında ambalaj ve ürün aynı karede net görülüyor; ürün tipi ve işlevi açık.,"Eski kayıt: net. Yeni karar: net, fakat ürün adı “Simfer 45 Litre Midi Fırın” olarak uyarlanıyor; OCR metninden değil görselden."
00000041-PHOTO-2026-09-11-22-08-38.jpg,belirsiz,belirsiz,Evet,Evet,Belirlenemedi,Belirlenemedi,Belirlenemedi,Belirlenemedi,Belirlenemedi,Belirlenemedi,Belirlenemedi,Ürün veya kutu parçası gibi görünse de yüzey ve kenar detayları belirsiz.,Ürün formu ve malzeme tipi belirlenemedi.,Kesin eşleşme yok.,D,Kırpılmış veya uzak çekim nedeniyle ürün tanımlanması zor.,Eski kayıt: belirsiz. Yeni karar: belirsiz; OCR metni ürün adı olarak kullanılmıyor.
00000067-PHOTO-2026-09-11-22-08-42.jpg,net,net,Evet,Evet,Buharlı ütü,Elektrikli ev aleti,Ütü,King Steam Iron,King,Steam Iron,1 adet,"Koyu siyah ve kırmızı tonlu gövde; geniş taban, çelik görünüm ve buhar başlığı var.",Tam model numarası ve marka yazısı küçük olduğu için model okunamıyor.,"Kesin eşleşme: 00000084, 00000085, 00000498, 00000500. Olası eşleşme: aynı marka ve aynı ürün ailesi.",A,Ürün görsel olarak açıkça ütü kutusu ve gövdesi seçilebiliyor; ürün tipi apak.,"Eski kayıt: net ancak OCR “steam/iron” kelimelerini ürün ismi gibi kaydetti. Yeni karar: doğru ürün tipi ve açıklayıcı ad, ama “model” okunamıyor."
00000082-PHOTO-2026-09-11-22-08-44.jpg,açılamadı,açılamadı,Evet,Evet,Belirlenemedi,Belirlenemedi,Belirlenemedi,Belirlenemedi,Belirlenemedi,Belirlenemedi,Belirlenemedi,Dosya açıldı ancak ürün yüzeyi çözünür değil; çok karanlık ya da bozulmuş.,Fotoğrafın konuunu net belirlemek mümkün değil.,Kesin eşleşme yok.,D,"Teknik olarak dosya açılıyor fakat görüntü, ürün tanımı için yetersiz.",Eski kayıt: açılamadı. Yeni karar: açılamadı; OCR sonrası doğrulanmadı.
00000084-PHOTO-2026-09-11-22-08-45.jpg,net,net,Evet,Evet,Buharlı ütü,Elektrikli ev aleti,Ütü,Buharlı ütü,Belirlenemedi,Belirlenemedi,1 adet,"Yüksek parıltılı siyah/metalik gövde, düz, geniş ütü tabanı ve konsol görünüşü.",Marka yazısı okunamıyor.,"Kesin eşleşme: 00000067, 00000085, 00000498, 00000500.",A,Ürün tipi ve kullanım amacı net; kutu görseli düzenlenebilir.,Eski kayıt: net. Yeni karar: net fakat “marka/model” alanı okunamıyor; ürün addan değil OCR’dan değil görselden çıkarıldı.
00000104-PHOTO-2026-09-11-22-08-48.jpg,net,net,Evet,Evet,Tencere seti,Mutfak gereçleri,Tencere seti,Tencere seti,Belirlenemedi,Belirlenemedi,Belirlenemedi,"Farklı boyutlarda paslanmaz çelik kaplar; üst üste dizilmiş, kapağı ve sapları görülebiliyor.","Marka, model ve tam parça sayısı ambalajın arka tarafında değil.","Kesin eşleşme: 00000119, 00000152, 00000363, 00000457, 00000460.",B,Kutunun içindeki ürün grubu net görülüyor; katalog için kutu fotoğrafı uygun.,Eski kayıt: net. Yeni karar: ürün tipi net ve kategori sabit; marka/model boş bırakıldı.
00000121-PHOTO-2026-09-11-22-08-51.jpg,net,net,Evet,Evet,Elektrikli süpürge,Elektrikli ev aleti,Süpürge,Samsung CycloneForce Vacuum Cleaner,Samsung,VC3500 / CycloneForce,1 adet,Mavi/tahta tonlu döner silindir süpürge; büyük hazne ve üstte basınçlı tankı görünür.,Model etiketi küçüktür; tam alt model notu olabilir fakat yeterli.,Kesin eşleşme: 00000251. Olası eşleşme: aynı Samsung süpürge serisi.,A,"Gövde, tank ve marka yazısı net; ambalaj değil ürün fotoğrafı dürüst bir katalog kaynağıdır.","Eski kayıt: net, fakat OCR metni ürün adı olarak çok kaba. Yeni karar: ürün adı ve marka görselden çıkarıldı."
00000142-PHOTO-2026-09-11-22-08-54.jpg,net,net,Evet,Evet,Elektrikli ısıtıcı,Elektrikli ev aleti,Isıtıcı,Elektrikli fanlı ısıtıcı,Belirlenemedi,Belirlenemedi,1 adet,"Beyaz/metalik gövde, dikey sobalı fanlı ısıtıcı; gövdenin ön tarafında hava çıkışları var.",Marka/model tanınmıyor.,Olası eşleşme: benzer fanlı ısıtıcılar; kesin eşleşme yok.,A,"Görsel, ürün işlevini ve tipi net şekilde gösteriyor; katalog için yeterli.",Eski kayıt: net. Yeni karar: ürün tipi “fanlı ısıtıcı” olarak netleştirildi; marka/model boş bırakıldı.
00000152-PHOTO-2026-09-11-22-08-56.jpg,net,net,Evet,Evet,Tencere seti,Mutfak gereçleri,Tencere seti,Paslanmaz çelik tencere seti,Belirlenemedi,Belirlenemedi,10 parça,"Paslanmaz çelik kaplar; farklı boyutlar, kapaklar ve kulplar, çekim ambalaj önünde.",Marka ve model ambalajdan okunamıyor.,"Kesin eşleşme: 00000104, 00000363, 00000457, 00000460.",B,Ambalaj kutusunda tüm setin düzeni net görülüyor; katalog için uygun.,Eski kayıt: net. Yeni karar: ürün adı daha açıklayıcı ve parça sayısı kutudan doğrudan alındı.
00000186-PHOTO-2026-09-11-22-09-01.jpg,net,net,Evet,Evet,Kahve makinesi,Elektrikli ev aleti,Kahve makinesi,Espresso kahve makinesi,Belirlenemedi,Belirlenemedi,1 adet,"Yüksek, dar üst gövde; kahve ekipmanı formu görülüyor; kapak ve kullanıcı paneli var.",Marka ve tam model okunamıyor.,Olası eşleşme: benzer espresso makineleri; kesin eşleşme yok.,A,Ürün tipi ve işlevi net; katalog için ürün fotoğrafı yeterli.,"Eski kayıt: net. Yeni karar: daha açıklayıcı ürün adı, marka/model boş bırakıldı."
00000251-PHOTO-2026-09-11-22-07-47.jpg,net,net,Evet,Evet,Elektrikli süpürge,Elektrikli ev aleti,Süpürge,Elektrikli süpürge,Belirlenemedi,Belirlenemedi,1 adet,"Tüplü süpürge gövdesi; tutma sapı ve hazne görünümünde, plastik / metal kombinasyonu.",Marka ve model net okunmuyor.,Kesin eşleşme: 00000121. Olası eşleşme: aynı ürün ailesi.,A,"Süpürge olduğu açık, ürün fotoğrafı yeterli.",Eski kayıt: net. Yeni karar: “marka/model belirsiz” olarak netleştirildi; OCR metni atıldı.
00000307-PHOTO-2026-09-11-22-07-57.jpg,açılamadı,açılamadı,Evet,Evet,Belirlenemedi,Belirlenemedi,Belirlenemedi,Belirlenemedi,Belirlenemedi,Belirlenemedi,Belirlenemedi,Dosya açıldı ancak görüntü net değil; geçen zamanla hafif bulanıklık ve yansıma var.,Ürün konusu tanımlanamadı.,Kesin eşleşme yok.,D,Görselin bilgisi yetersiz; farklı bir fotoğrafa ihtiyaç var.,Eski kayıt: açılamadı. Yeni karar: açılamadı; OCR ile gerçek ürün tanımı kurulmadı.
00000363-PHOTO-2026-09-11-22-08-07.jpg,net,net,Evet,Evet,Tencere seti,Mutfak gereçleri,Tencere seti,Paslanmaz çelik tencere seti,Belirlenemedi,Belirlenemedi,10 parça,"Büyük metal kaplar, farklı boyutlar, kapağı ve kulplarıyla set görünümünü gösterir.",Marka/model okunamıyor.,"Kesin eşleşme: 00000104, 00000152, 00000457, 00000460.",B,Ambalaj ve ürün yanında net; kutu fotoğrafı katalog için iyi referanstır.,Eski kayıt: net. Yeni karar: net ve daha güvenilir açıklama kullanıldı.
00000457-PHOTO-2026-09-11-22-08-25.jpg,net,net,Evet,Evet,Tencere seti,Mutfak gereçleri,Tencere seti,Paslanmaz çelik tencere seti,Belirlenemedi,Belirlenemedi,10 parça,Yüksek kaliteli silindirik tencere ve tavalar; paslanmaz metal parlaklığı görülüyor.,Marka ve ambalaj baskısı okunamıyor.,"Kesin eşleşme: 00000104, 00000152, 00000363, 00000460.",B,Setin ürün fotoğrafı ve kutu fotoğrafı birlikte net.,Eski kayıt: net. Yeni karar: tanım “paslanmaz çelik tencere seti” olarak netleşti.
00000460-PHOTO-2026-09-11-22-08-26.jpg,net,net,Evet,Evet,Tencere seti,Mutfak gereçleri,Tencere seti,Paslanmaz çelik tencere seti,Belirlenemedi,Belirlenemedi,10 parça,"Parlak paslanmaz tencereler, kendine özgü bazlı sığ ve derin set görünümü.",Ürün markası ve set numarası okunmuyor.,"Kesin eşleşme: 00000104, 00000152, 00000363, 00000457.",B,Görsel ürün seti belirgin; kutu ambalajı da katalog için kullanılabilir.,Eski kayıt: net. Yeni karar: parça sayısı ve açıklayıcı ürün adı daha güvenilir.
00000471-PHOTO-2026-09-11-22-08-28.jpg,net,net,Evet,Evet,Hoparlör / home theater sistemi,Elektronik,Hoparlör,Leader R205 Home Theater Speaker System,Leader,R205,1 set,"Kara plastik kuvars kasası, iki hoparlör ve uzaktan kumandalı sistem var; kutu ön yüzünde ürün açık görülüyor.",Gerçek iç ampül/dijital detaylar net değil.,Kesin eşleşme: aynı kutu serisi; benzerler de olabilir.,B,Kutu fotoğrafı ürün formunu ve ses sistemi bileşenlerini gösteriyor; düzenleme için uygundur.,"Eski kayıt: net. Yeni karar: ürün tipi homer theater, marka/model kesin okunabiliyor."
00000475-PHOTO-2026-09-11-22-08-28.jpg,net,net,Evet,Evet,Mini fırın,Elektrikli ev aleti,Mini fırın,Simfer 45 Litre Midi Fırın,Simfer,45 Litre Midi Fırın,1 adet,"Beyaz ve metalik mini fırın, üstte kapak, ön kontrol paneli ve ızgara görünümü.",Model numarası çok küçük; tam numara net değil.,"Kesin eşleşme: 00000036, 00000477.",A,Ürün hem ambalaj hem ürün olarak net; ürün tipi ve marka açık.,Eski kayıt: net. Yeni karar: doğru isim ve kategori sabit; OCR değil görsel bilgi kullanıldı.
00000500-PHOTO-2026-09-11-22-08-33.jpg,net,net,Evet,Evet,Buharlı ütü,Elektrikli ev aleti,Ütü,Buharlı sıcak ütü,Belirlenemedi,Belirlenemedi,1 adet,"Siyah, metalik parıltı, geniş taban, düzenli tasarım ve kısmi dahili buhar tankı görünümü.",Marka/model ve tam ad okunmuyor.,"Kesin eşleşme: 00000067, 00000084, 00000085, 00000498.",A,Görsel olarak ütü olduğu belli; katalog için ürün fotoğrafı yeterli.,Eski kayıt: net. Yeni karar: “marka/model” belirsiz ve ürün tipi net; OCR metni düşürüldü.
00000581-PHOTO-2026-09-11-22-08-54.jpg,açılamadı,açılamadı,Evet,Evet,Belirlenemedi,Belirlenemedi,Belirlenemedi,Belirlenemedi,Belirlenemedi,Belirlenemedi,Belirlenemedi,"Dosya açıldı ama görünüm, çözünürlüğü düşük ve ürün detayları yok.",Ürün kimliği saptanamadı.,Kesin eşleşme yok.,D,Yeterli görsel referans yok; dosya dosyası “açılamadı” olarak kalmalı.,Eski kayıt: açılamadı. Yeni karar: açılamadı; OCR ile doğrulanmadı.
